sequenceID,MappingManager_main_FrameID,rot_w,rot_x,rot_y,rot_z,pos_x,pos_y,pos_z,cur_time,currentLocation_Timestamp,latLon_x,latLon_y,accuracy,0,accuracy,XRCameraIntrinsics_focalLength_x,XRCameraIntrinsics_focalLength_y,XRCameraIntrinsics_resolution_x,XRCameraIntrinsics_resolution_y,XRCameraIntrinsics_principalPoint_x,XRCameraIntrinsics_principalPoint_y,compass,compassAccuracy,compassMagnetic,satelliteView,satelliteUsed,speedMetersPerSecond,Input_acceleration_x,Input_acceleration_y,Input_acceleration_z,gyro_userAcceleration_x,gyro_userAcceleration_y,gyro_userAcceleration_z,ArFoundationCameraStats_mainArFoundation_CurrentSpeed,ArFoundationCameraStats_mainArFoundation_CurrentAngleSpeed,ArFoundationCameraStats_mainArFoundation_TimeRangeAverage,ArFoundationCameraStats_mainArFoundation_InTimeRangeAverageSpeed,ArFoundationCameraStats_mainArFoundation_InTimeRangeAverageAngleSpeed,ArFoundationLightManager_main_LastIntensity,lightEstimationData_averageBrightness,lightEstimationData_averageColorTemperature,lightEstimationData_colorCorrection_Value_r,lightEstimationData_colorCorrection_Value_g,lightEstimationData_colorCorrection_Value_b,lightEstimationData_averageIntensityInLumens,lightEstimationData_mainLightIntensityLumens,lightEstimationData_averageMainLightBrightness,lastFrameEventArgs_exposureDuration,lastFrameEventArgs_exposureOffset,vApplication_version,bApplication_buildGUID,Exif_ApertureValue,Exif_Brightness,Exif_ExposureTime,Exif_ShutterSpeed,Exif_ExposureBias,Exif_FNumber,Exif_FocalLength,Exif_Flash,Exif_ColorSpace,Exif_PhotographicSensitivity,Exif_MeteringMode,depth_CameraConfiguredDepthSensorSupport,depth_LastRGBWidth,depth_LastRGBHeight,depth_LastDepthWidth,depth_LastDepthHeight,depth_LastDepthConfidenceWidth,depth_LastDepthConfidenceHeight,depth_LastDepthRawWidth,depth_LastDepthRawHeight,depth_LastDepthSmoothedWidth,depth_LastDepthSmoothedHeight,depth_LastHumanDepthWidth,depth_LastHumanDepthHeight,depth_LastHumanStencilWidth,depth_LastHumanStencilHeight

489,0000,-0.8237216,-0.07672402,0.5604457,-0.03868634,3.697952,1.309675,-1.332642,1775453147,1775453131,13.7459229,100.53741854,3.790092,0,3.790092,1325.123,1325.492,1920,1080,960.2882,540.5493,0,1,345.1301,112,61,0,-0.200934,-0.941413,-0.061427,0,0,0,0.3080754,32.09083,1,0.2432841,40.74765,1.209895,0.5638112,0,0.9795734,1,1.014601,1127.622,0,0,0,0,v1.7.5,b42db3cbbed4e482298d0c5195f61e63e,0,0,0,0,0,0,0,0,0,0,0,1,1920,1080,0,0,0,0,0,0,0,0,0,0,0,0
489,0001,-0.8345585,-0.0784362,0.5450141,-0.01787631,3.743118,1.306462,-1.195023,1775453147,1775453131,13.7459229,100.53741854,3.790092,0,3.790092,1325.123,1325.492,1920,1080,960.2882,540.5493,0,1,307.6803,112,61,0,0.288896,-1.046516,-0.153781,0,0,0,0.6275267,26.78655,1,0.4070222,35.6479,1.181647,0.5506474,0,0.9805374,1,1.009559,1101.295,0,0,0,0,v1.7.5,b42db3cbbed4e482298d0c5195f61e63e,0,0,0,0,0,0,0,0,0,0,0,1,1920,1080,0,0,0,0,0,0,0,0,0,0,0,0
489,0002,-0.7944134,-0.07201533,0.5988929,-0.07105345,3.764389,1.313738,-1.036499,1775453147,1775453131,13.7459229,100.53741854,3.790092,0,3.790092,1325.123,1325.492,1920,1080,960.2882,540.5493,0,1,249.2956,112,61,0,-0.128161,-0.9318359,-0.19886,0,0,0,0.6339478,40.61377,1,0.5033759,42.343,1.153057,0.5373244,0,0.9998461,1,0.9960604,1074.649,0,0,0,0,v1.7.5,b42db3cbbed4e482298d0c5195f61e63e,0,0,0,0,0,0,0,0,0,0,0,1,1920,1080,0,0,0,0,0,0,0,0,0,0,0,0
489,0003,-0.781597,-0.09083952,0.6142021,-0.06008406,3.774811,1.306476,-0.8684387,1775453148,1775453131,13.7459229,100.53741854,3.790092,0,3.790092,1325.123,1325.492,1920,1080,960.2882,540.5493,0,1,303.8473,112,61,0,0.065697,-1.070672,-0.149084,0,0,0,0.8503009,17.18007,1,0.5886866,38.68573,1.170989,0.5456808,0,1.004788,1,0.9902205,1091.362,0,0,0,0,v1.7.5,b42db3cbbed4e482298d0c5195f61e63e,0,0,0,0,0,0,0,0,0,0,0,1,1920,1080,0,0,0,0,0,0,0,0,0,0,0,0
489,0004,-0.7761771,-0.09422145,0.6213091,-0.05144344,3.762115,1.289932,-0.6726837,1775453148,1775453131,13.7459229,100.53741854,3.790092,0,3.790092,1325.123,1325.492,1920,1080,960.2882,540.5493,0,1,312.8365,113,61,0,0.256993,-1.096902,-0.16226,0,0,0,0.9274114,16.64406,1,0.7199814,34.28551,1.205177,0.5616125,0,1.007794,1,0.9869498,1123.225,0,0,0,0,v1.7.5,b42db3cbbed4e482298d0c5195f61e63e,0,0,0,0,0,0,0,0,0,0,0,1,1920,1080,0,0,0,0,0,0,0,0,0,0,0,0
489,0005,-0.7690059,-0.07974339,0.6317267,-0.05650156,3.720215,1.320868,-0.4903107,1775453148,1775453131,13.7459229,100.53741854,3.790092,0,3.790092,1325.123,1325.492,1920,1080,960.2882,540.5493,0,1,271.5057,113,61,0,-0.012322,-0.686677,-0.125721,0,0,0,1.092227,31.83568,1,0.8581141,31.58244,1.232869,0.5745171,0,1.010276,1,0.9817815,1149.034,0,0,0,0,v1.7.5,b42db3cbbed4e482298d0c5195f61e63e,0,0,0,0,0,0,0,0,0,0,0,1,1920,1080,0,0,0,0,0,0,0,0,0,0,0,0
489,0006,-0.7510836,-0.06652008,0.6551556,-0.04711442,3.678589,1.334083,-0.3008881,1775453148,1775453131,13.7459229,100.53741854,3.790092,0,3.790092,1325.123,1325.492,1920,1080,960.2882,540.5493,0,1,249.7632,113,61,0,-0.058743,-1.279536,-0.217953,0,0,0,1.038077,31.69579,1,0.9586818,30.63075,1.260151,0.5872304,0,1.007522,1,0.9838629,1174.461,0,0,0,0,v1.7.5,b42db3cbbed4e482298d0c5195f61e63e,0,0,0,0,0,0,0,0,0,0,0,1,1920,1080,0,0,0,0,0,0,0,0,0,0,0,0
489,0007,-0.7332147,-0.06069755,0.6746136,-0.06007172,3.63736,1.300083,-0.09840393,1775453148,1775453131,13.7459229,100.53741854,3.790092,0,3.790092,1325.123,1325.492,1920,1080,960.2882,540.5493,0,1,217.4378,113,61,0,0.038064,-1.032608,-0.165066,0,0,0,1.202697,28.13485,1,1.049906,27.6976,1.277948,0.5955236,0,1.011168,1,0.976195,1191.047,0,0,0,0,v1.7.5,b42db3cbbed4e482298d0c5195f61e63e,0,0,0,0,0,0,0,0,0,0,0,1,1920,1080,0,0,0,0,0,0,0,0,0,0,0,0
489,0008,-0.7060537,-0.05826126,0.7027423,-0.06517076,3.596268,1.318793,0.1219025,1775453148,1775453131,13.7459229,100.53741854,3.790092,0,3.790092,1325.123,1325.492,1920,1080,960.2882,540.5493,0,1,181.6554,113,61,0,-0.113338,-0.782752,-0.09314699,0,0,0,1.381913,16.68824,1,1.158798,25.65318,1.286744,0.5996228,0,1.012035,1,0.9719456,1199.246,0,0,0,0,v1.7.5,b42db3cbbed4e482298d0c5195f61e63e,0,0,0,0,0,0,0,0,0,0,0,1,1920,1080,0,0,0,0,0,0,0,0,0,0,0,0
489,0009,-0.6730481,-0.07539897,0.7320204,-0.07394078,3.528427,1.320972,0.3236237,1775453149,1775453131,13.7459229,100.53741854,3.790092,0,3.790092,1325.123,1325.492,1920,1080,960.2882,540.5493,0,1,275.3271,113,61,0,0.074481,-1.295701,-0.14274,0,0,0,1.591856,48.25385,1,1.210829,27.42727,1.299488,0.6055615,0,1.009713,1,0.9664031,1211.123,0,0,0,0,v1.7.5,b42db3cbbed4e482298d0c5195f61e63e,0,0,0,0,0,0,0,0,0,0,0,1,1920,1080,0,0,0,0,0,0,0,0,0,0,0,0
489,0010,-0.6594658,-0.08426307,0.7415553,-0.09000205,3.428238,1.310249,0.5370941,1775453149,1775453149,13.74593803,100.53742125,3.790092,0,3.790092,1325.123,1325.492,1920,1080,960.2882,540.5493,0,1,191.4534,113,60,1.5,-0.341417,-0.692045,-0.105225,0,0,0,1.424056,28.91834,1,1.277061,29.97228,1.309238,0.6101049,0,1.003431,1,0.9713098,1220.21,0,0,0,0,v1.7.5,b42db3cbbed4e482298d0c5195f61e63e,0,0,0,0,0,0,0,0,0,0,0,1,1920,1080,0,0,0,0,0,0,0,0,0,0,0,0
489,0011,-0.6322547,-0.05009329,0.7697718,-0.07208378,3.323029,1.35604,0.7464447,1775453149,1775453149,13.74593803,100.53742125,3.790092,0,3.790092,1325.123,1325.492,1920,1080,960.2882,540.5493,0,1,226.0053,113,60,1.5,0.003416,-0.869494,-0.305305,0,0,0,1.378397,21.68756,1,1.332211,33.67345,1.30271,0.6070629,0,0.9991678,1,0.9760361,1214.126,0,0,0,0,v1.7.5,b42db3cbbed4e482298d0c5195f61e63e,0,0,0,0,0,0,0,0,0,0,0,1,1920,1080,0,0,0,0,0,0,0,0,0,0,0,0
489,0012,-0.6391245,-0.06194079,0.7626985,-0.07729367,3.200119,1.334954,1.014053,1775453149,1775453149,13.74593803,100.53742125,3.790092,0,3.790092,1325.123,1325.492,1920,1080,960.2882,540.5493,0,1,293.313,113,60,1.5,0.073383,-1.161013,-0.045018,0,0,0,1.573326,23.32451,1,1.397128,31.97943,1.309795,0.6103644,0,1.000443,1,0.9724391,1220.729,0,0,0,0,v1.7.5,b42db3cbbed4e482298d0c5195f61e63e,0,0,0,0,0,0,0,0,0,0,0,1,1920,1080,0,0,0,0,0,0,0,0,0,0,0,0
489,0013,-0.6171048,-0.04075583,0.77842,-0.1076247,3.099426,1.336468,1.224014,1775453149,1775453149,13.74593803,100.53742125,3.790092,0,3.790092,1325.123,1325.492,1920,1080,960.2882,540.5493,0,1,193.4252,113,60,1.5,-0.023729,-0.744932,-0.034221,0,0,0,1.399989,51.35877,1,1.417742,32.66708,1.294486,0.6032302,0,0.9960207,1,0.9717353,1206.46,0,0,0,0,v1.7.5,b42db3cbbed4e482298d0c5195f61e63e,0,0,0,0,0,0,0,0,0,0,0,1,1920,1080,0,0,0,0,0,0,0,0,0,0,0,0
489,0014,-0.5679883,-0.06053327,0.8156016,-0.09229858,2.970734,1.344165,1.425949,1775453149,1775453149,13.74593803,100.53742125,3.790092,0,3.790092,1325.123,1325.492,1920,1080,960.2882,540.5493,0,1,235.9539,113,60,1.5,0.03233,-1.278804,-0.173484,0,0,0,1.586146,62.93499,1,1.429119,35.11891,1.287524,0.5999861,0,0.9924547,1,0.9668341,1199.972,0,0,0,0,v1.7.5,b42db3cbbed4e482298d0c5195f61e63e,0,0,0,0,0,0,0,0,0,0,0,1,1920,1080,0,0,0,0,0,0,0,0,0,0,0,0
489,0015,-0.5425392,-0.05073295,0.8342383,-0.08440375,2.796875,1.320009,1.656921,1775453150,1775453149,13.74593803,100.53742125,3.790092,0,3.790092,1325.123,1325.492,1920,1080,960.2882,540.5493,0,1,254.3854,113,60,1.5,-0.119682,-0.721996,-0.242963,0,0,0,1.358256,40.65243,1,1.462331,32.89902,1.286591,0.5995516,0,0.9850605,1,0.9760262,1199.103,0,0,0,0,v1.7.5,b42db3cbbed4e482298d0c5195f61e63e,0,0,0,0,0,0,0,0,0,0,0,1,1920,1080,0,0,0,0,0,0,0,0,0,0,0,0
489,0016,-0.5169988,-0.06198296,0.8507071,-0.07188882,2.607025,1.351829,1.878876,1775453150,1775453150,13.7459482,100.53741204,3.790092,0,3.790092,1325.123,1325.492,1920,1080,960.2882,540.5493,0,1,227.2519,113,60,1.61,0.024217,-1.176629,-0.339221,0,0,0,1.513322,23.8538,1,1.463839,31.75769,1.290205,0.6012356,0,0.9864018,1,0.9723238,1202.471,0,0,0,0,v1.7.5,b42db3cbbed4e482298d0c5195f61e63e,0,0,0,0,0,0,0,0,0,0,0,1,1920,1080,0,0,0,0,0,0,0,0,0,0,0,0
489,0017,-0.5116497,-0.06931762,0.8507942,-0.09777004,2.442993,1.317158,2.064514,1775453150,1775453150,13.7459482,100.53741204,3.790092,0,3.790092,1325.123,1325.492,1920,1080,960.2882,540.5493,0,1,212.5738,113,60,1.61,0.12932,-1.037366,-0.245037,0,0,0,1.460076,23.4153,1,1.461175,30.21335,1.294617,0.6032916,0,0.9910443,1,0.9627342,1206.583,0,0,0,0,v1.7.5,b42db3cbbed4e482298d0c5195f61e63e,0,0,0,0,0,0,0,0,0,0,0,1,1920,1080,0,0,0,0,0,0,0,0,0,0,0,0
489,0018,-0.4829313,-0.06902878,0.8654118,-0.1143461,2.250473,1.341401,2.273376,1775453150,1775453150,13.7459482,100.53741204,3.790092,0,3.790092,1325.123,1325.492,1920,1080,960.2882,540.5493,0,1,277.083,113,60,1.61,-0.061305,-0.902068,0.020557,0,0,0,1.353071,18.36769,1,1.463191,31.81118,1.272129,0.5928121,0,0.9860505,1,0.9699982,1185.624,0,0,0,0,v1.7.5,b42db3cbbed4e482298d0c5195f61e63e,0,0,0,0,0,0,0,0,0,0,0,1,1920,1080,0,0,0,0,0,0,0,0,0,0,0,0
489,0019,-0.4292375,-0.05337489,0.8968279,-0.09276925,2.073578,1.334624,2.412201,1775453150,1775453150,13.7459482,100.53741204,3.790092,0,3.790092,1325.123,1325.492,1920,1080,960.2882,540.5493,0,1,217.0913,113,60,1.61,0.051911,-1.285087,-0.363133,0,0,0,1.502788,23.4027,1,1.459384,33.89196,1.278239,0.5956595,0,0.9860219,1,0.9718583,1191.319,0,0,0,0,v1.7.5,b42db3cbbed4e482298d0c5195f61e63e,0,0,0,0,0,0,0,0,0,0,0,1,1920,1080,0,0,0,0,0,0,0,0,0,0,0,0
489,0020,-0.406179,-0.0454395,0.9071006,-0.1006106,1.866943,1.340241,2.539734,1775453151,1775453150,13.7459482,100.53741204,3.790092,0,3.790092,1325.123,1325.492,1920,1080,960.2882,540.5493,0,1,157.0343,113,60,1.61,-0.18788,-0.590236,-0.12993,0,0,0,1.464558,49.32272,1,1.457415,31.16567,1.268993,0.5913507,0,0.9826852,1,0.9855599,1182.701,0,0,0,0,v1.7.5,b42db3cbbed4e482298d0c5195f61e63e,0,0,0,0,0,0,0,0,0,0,0,1,1920,1080,0,0,0,0,0,0,0,0,0,0,0,0
489,0021,-0.3729888,-0.03530627,0.9234917,-0.08243893,1.675354,1.369965,2.658768,1775453151,1775453150,13.7459482,100.53741204,3.790092,0,3.790092,1325.123,1325.492,1920,1080,960.2882,540.5493,0,1,245.1125,113,60,1.61,0.133712,-1.148935,-0.149633,0,0,0,1.420043,10.87909,1,1.448867,31.7084,1.268054,0.5909134,0,0.9795378,1,0.9909494,1181.827,0,0,0,0,v1.7.5,b42db3cbbed4e482298d0c5195f61e63e,0,0,0,0,0,0,0,0,0,0,0,1,1920,1080,0,0,0,0,0,0,0,0,0,0,0,0
489,0022,-0.3691347,-0.05132513,0.9231824,-0.09401878,1.429932,1.32787,2.82489,1775453151,1775453151,13.74595458,100.53740151,3.790092,0,3.790092,1325.123,1325.492,1920,1080,960.2882,540.5493,0,1,212.4287,113,59,1.38,0.120414,-0.968253,-0.255773,0,0,0,1.47093,32.95339,1,1.453215,30.21471,1.274716,0.5940174,0,0.993951,1,0.9687883,1188.035,0,0,0,0,v1.7.5,b42db3cbbed4e482298d0c5195f61e63e,0,0,0,0,0,0,0,0,0,0,0,1,1920,1080,0,0,0,0,0,0,0,0,0,0,0,0
489,0023,-0.3332172,-0.04368664,0.935261,-0.1111068,1.148117,1.361135,2.971634,1775453151,1775453151,13.74595458,100.53740151,3.790092,0,3.790092,1325.123,1325.492,1920,1080,960.2882,540.5493,0,1,203.6402,113,59,1.38,0.146583,-1.147166,-0.373625,0,0,0,1.166048,43.114,1,1.444785,32.28392,1.263272,0.5886848,0,0.9962453,1,0.9737343,1177.37,0,0,0,0,v1.7.5,b42db3cbbed4e482298d0c5195f61e63e,0,0,0,0,0,0,0,0,0,0,0,1,1920,1080,0,0,0,0,0,0,0,0,0,0,0,0
489,0024,-0.3056037,-0.04210412,0.9439946,-0.1170806,0.9303589,1.347974,3.051392,1775453151,1775453151,13.74595458,100.53740151,3.790092,0,3.790092,1325.123,1325.492,1920,1080,960.2882,540.5493,0,1,221.6048,113,59,1.38,0.141154,-0.9085339,-0.220515,0,0,0,1.435501,27.52901,1,1.447984,30.73054,1.248696,0.5818923,0,0.9934812,1,0.9816793,1163.785,0,0,0,0,v1.7.5,b42db3cbbed4e482298d0c5195f61e63e,0,0,0,0,0,0,0,0,0,0,0,1,1920,1080,0,0,0,0,0,0,0,0,0,0,0,0
489,0025,-0.2844883,-0.02607578,0.9533239,-0.09777595,0.6781616,1.374996,3.136795,1775453152,1775453151,13.74595458,100.53740151,3.790092,0,3.790092,1325.123,1325.492,1920,1080,960.2882,540.5493,0,1,201.3916,113,59,1.38,0.136518,-0.910364,-0.275476,0,0,0,1.28896,28.11955,1,1.434373,28.91024,1.246633,0.5809311,0,0.9869579,1,0.9901718,1161.862,0,0,0,0,v1.7.5,b42db3cbbed4e482298d0c5195f61e63e,0,0,0,0,0,0,0,0,0,0,0,1,1920,1080,0,0,0,0,0,0,0,0,0,0,0,0
489,0026,-0.2812995,-0.04596517,0.9526538,-0.1058717,0.4571686,1.35879,3.219299,1775453152,1775453151,13.74595458,100.53740151,3.790092,0,3.790092,1325.123,1325.492,1920,1080,960.2882,540.5493,0,1,203.9941,113,59,1.38,0.031903,-1.203164,-0.204228,0,0,0,1.409293,21.48398,1,1.440675,25.7425,1.255545,0.5850837,0,0.9922501,1,0.9806162,1170.167,0,0,0,0,v1.7.5,b42db3cbbed4e482298d0c5195f61e63e,0,0,0,0,0,0,0,0,0,0,0,1,1920,1080,0,0,0,0,0,0,0,0,0,0,0,0
489,0027,-0.2033138,0.0005786121,0.973026,-0.1090118,0.2633972,1.349485,3.292313,1775453152,1775453152,13.74595762,100.53739007,3.790092,0,3.790092,1325.123,1325.492,1920,1080,960.2882,540.5493,0,1,175.5751,113,63,1.43,-0.067649,-0.838567,-0.137555,0,0,0,1.249511,100.2226,1,1.414731,34.45634,1.292642,0.6023714,0,0.9866076,1,0.9803722,1204.743,0,0,0,0,v1.7.5,b42db3cbbed4e482298d0c5195f61e63e,0,0,0,0,0,0,0,0,0,0,0,1,1920,1080,0,0,0,0,0,0,0,0,0,0,0,0
489,0028,-0.108211,-0.007732075,0.9880987,-0.1090482,0.0243988,1.37722,3.3349,1775453152,1775453152,13.74595762,100.53739007,3.790092,0,3.790092,1325.123,1325.492,1920,1080,960.2882,540.5493,0,1,114.8678,113,63,1.43,-0.112057,-1.093791,-0.124501,0,0,0,1.23009,50.28561,1,1.356312,38.86438,1.30426,0.6077854,0,0.9877375,1,0.9756015,1215.571,0,0,0,0,v1.7.5,b42db3cbbed4e482298d0c5195f61e63e,0,0,0,0,0,0,0,0,0,0,0,1,1920,1080,0,0,0,0,0,0,0,0,0,0,0,0
489,0029,-0.05447409,-0.0008290969,0.9930703,-0.1041317,-0.1772003,1.363194,3.356018,1775453152,1775453152,13.74595762,100.53739007,3.790092,0,3.790092,1325.123,1325.492,1920,1080,960.2882,540.5493,0,1,206.6219,113,63,1.43,0.212585,-0.956175,-0.164517,0,0,0,1.241415,17.03246,1,1.330905,40.36992,1.294351,0.6031677,0,0.9820629,1,0.9757614,1206.335,0,0,0,0,v1.7.5,b42db3cbbed4e482298d0c5195f61e63e,0,0,0,0,0,0,0,0,0,0,0,1,1920,1080,0,0,0,0,0,0,0,0,0,0,0,0
489,0030,-0.02399409,-0.001493897,0.9950681,-0.09623756,-0.3828735,1.382254,3.358429,1775453152,1775453152,13.74595762,100.53739007,3.790092,0,3.790092,1325.123,1325.492,1920,1080,960.2882,540.5493,0,1,129.0219,113,63,1.43,-0.089609,-0.728157,-0.206851,0,0,0,1.263209,30.88407,1,1.303771,40.25362,1.277381,0.5952596,0,0.9858989,1,0.9722894,1190.519,0,0,0,0,v1.7.5,b42db3cbbed4e482298d0c5195f61e63e,0,0,0,0,0,0,0,0,0,0,0,1,1920,1080,0,0,0,0,0,0,0,0,0,0,0,0
489,0031,-0.003923565,-0.002340507,0.9948497,-0.1012592,-0.5898438,1.377734,3.354736,1775453153,1775453152,13.74595762,100.53739007,3.790092,0,3.790092,1325.123,1325.492,1920,1080,960.2882,540.5493,0,1,165.8281,113,63,1.43,0.165737,-1.292895,-0.261385,0,0,0,1.190828,10.75011,1,1.289232,38.68104,1.276191,0.5947049,0,0.992052,1,0.9651738,1189.41,0,0,0,0,v1.7.5,b42db3cbbed4e482298d0c5195f61e63e,0,0,0,0,0,0,0,0,0,0,0,1,1920,1080,0,0,0,0,0,0,0,0,0,0,0,0
489,0032,0.02056959,0.0125403,0.9928219,-0.1171519,-0.7967682,1.351,3.351669,1775453153,1775453152,13.74595762,100.53739007,3.790092,0,3.790092,1325.123,1325.492,1920,1080,960.2882,540.5493,0,1,207.3701,113,63,1.43,-0.044774,-0.80886,-0.058316,0,0,0,1.172492,39.12011,1,1.261429,39.91108,1.255283,0.5849618,0,0.9968562,1,0.9505547,1169.924,0,0,0,0,v1.7.5,b42db3cbbed4e482298d0c5195f61e63e,0,0,0,0,0,0,0,0,0,0,0,1,1920,1080,0,0,0,0,0,0,0,0,0,0,0,0
489,0033,0.05939841,0.02239402,0.9900541,-0.1255518,-0.9949799,1.374602,3.325348,1775453153,1775453153,13.74595608,100.53737899,3.790092,0,3.790092,1325.123,1325.492,1920,1080,960.2882,540.5493,0,1,101.0005,113,62,1.29,-0.143655,-0.9602619,-0.191601,0,0,0,1.193661,55.48524,1,1.2655,34.41513,1.22108,0.5690231,0,0.9903078,1,0.9447945,1138.046,0,0,0,0,v1.7.5,b42db3cbbed4e482298d0c5195f61e63e,0,0,0,0,0,0,0,0,0,0,0,1,1920,1080,0,0,0,0,0,0,0,0,0,0,0,0
489,0034,0.1089207,0.01541896,0.9858238,-0.1266887,-1.192581,1.359239,3.258163,1775453153,1775453153,13.74595608,100.53737899,3.790092,0,3.790092,1325.123,1325.492,1920,1080,960.2882,540.5493,0,1,150.7843,113,62,1.29,0.153842,-1.128744,-0.460611,0,0,0,1.375264,27.21081,1,1.267853,30.03871,1.193387,0.5561184,0,0.9917206,1,0.9437574,1112.237,0,0,0,0,v1.7.5,b42db3cbbed4e482298d0c5195f61e63e,0,0,0,0,0,0,0,0,0,0,0,1,1920,1080,0,0,0,0,0,0,0,0,0,0,0,0
489,0035,0.1419702,0.01218274,0.9825362,-0.1196612,-1.392075,1.371013,3.169586,1775453153,1775453153,13.74595608,100.53737899,3.790092,0,3.790092,1325.123,1325.492,1920,1080,960.2882,540.5493,0,1,222.2716,113,62,1.29,-0.029097,-0.679479,0.017995,0,0,0,1.370856,36.58152,1,1.285717,28.55313,1.154362,0.5379328,0,0.9895477,1,0.9424896,1075.865,0,0,0,0,v1.7.5,b42db3cbbed4e482298d0c5195f61e63e,0,0,0,0,0,0,0,0,0,0,0,1,1920,1080,0,0,0,0,0,0,0,0,0,0,0,0
489,0036,0.1651338,0.01581514,0.9820724,-0.08952354,-1.585129,1.395726,3.082489,1775453153,1775453153,13.74595608,100.53737899,3.790092,0,3.790092,1325.123,1325.492,1920,1080,960.2882,540.5493,0,1,153.7313,113,62,1.29,0.090768,-1.129598,-0.194529,0,0,0,1.29917,17.94909,1,1.293142,30.67987,1.181222,0.5504494,0,0.9949905,1,0.9442769,1100.899,0,0,0,0,v1.7.5,b42db3cbbed4e482298d0c5195f61e63e,0,0,0,0,0,0,0,0,0,0,0,1,1920,1080,0,0,0,0,0,0,0,0,0,0,0,0
489,0037,0.1756067,0.02438926,0.9774387,-0.1148082,-1.793549,1.369728,2.982651,1775453154,1775453153,13.74595608,100.53737899,3.790092,0,3.790092,1325.123,1325.492,1920,1080,960.2882,540.5493,0,1,152.2694,113,62,1.29,0.222528,-1.061888,-0.147498,0,0,0,1.215347,37.64329,1,1.318393,31.71901,1.177483,0.5487071,0,1.006476,1,0.9477331,1097.414,0,0,0,0,v1.7.5,b42db3cbbed4e482298d0c5195f61e63e,0,0,0,0,0,0,0,0,0,0,0,1,1920,1080,0,0,0,0,0,0,0,0,0,0,0,0
489,0038,0.2195017,0.03233329,0.9663225,-0.1303626,-1.987137,1.388955,2.878815,1775453154,1775453153,13.74595608,100.53737899,3.790092,0,3.790092,1325.123,1325.492,1920,1080,960.2882,540.5493,0,1,159.7858,113,62,1.29,0.027816,-0.804773,-0.126209,0,0,0,1.294655,25.34105,1,1.330234,33.74509,1.143323,0.5327883,0,1.01009,1,0.9472636,1065.577,0,0,0,0,v1.7.5,b42db3cbbed4e482298d0c5195f61e63e,0,0,0,0,0,0,0,0,0,0,0,1,1920,1080,0,0,0,0,0,0,0,0,0,0,0,0
489,0039,0.2810008,0.02480232,0.9520308,-0.1185783,-2.154007,1.38675,2.752762,1775453154,1775453154,13.74594942,100.53736981,3.790092,0,3.790092,1325.123,1325.492,1920,1080,960.2882,540.5493,0,1,165.9809,113,62,1.26,0.209169,-1.343708,-0.309209,0,0,0,1.22989,19.48757,1,1.319715,36.12807,1.117321,0.5206717,0,1.009717,1,0.9458427,1041.343,0,0,0,0,v1.7.5,b42db3cbbed4e482298d0c5195f61e63e,0,0,0,0,0,0,0,0,0,0,0,1,1920,1080,0,0,0,0,0,0,0,0,0,0,0,0
489,0040,0.3090132,0.03024577,0.9437273,-0.1139077,-2.308548,1.373789,2.598877,1775453154,1775453154,13.74594942,100.53736981,3.790092,0,3.790092,1325.123,1325.492,1920,1080,960.2882,540.5493,0,1,98.93625,113,62,1.26,-0.199775,-0.692716,-0.174521,0,0,0,1.204124,32.93637,1,1.333605,33.81607,1.085824,0.5059939,0,1.007872,1,0.9435973,1011.988,0,0,0,0,v1.7.5,b42db3cbbed4e482298d0c5195f61e63e,0,0,0,0,0,0,0,0,0,0,0,1,1920,1080,0,0,0,0,0,0,0,0,0,0,0,0
489,0041,0.3556785,0.03663084,0.9299411,-0.08579487,-2.445114,1.413623,2.443161,1775453154,1775453154,13.74594942,100.53736981,3.790092,0,3.790092,1325.123,1325.492,1920,1080,960.2882,540.5493,0,1,122.3064,113,62,1.26,0.040504,-0.890295,-0.238754,0,0,0,1.203727,44.31366,1,1.32694,35.46014,1.058391,0.4932102,0,1.005814,1,0.9414274,986.4204,0,0,0,0,v1.7.5,b42db3cbbed4e482298d0c5195f61e63e,0,0,0,0,0,0,0,0,0,0,0,1,1920,1080,0,0,0,0,0,0,0,0,0,0,0,0
489,0042,0.3605668,0.0323508,0.9270092,-0.09797476,-2.604874,1.388076,2.278702,1775453154,1775453154,13.74594942,100.53736981,3.790092,0,3.790092,1325.123,1325.492,1920,1080,960.2882,540.5493,0,1,137.0995,113,62,1.26,0.12505,-1.270325,-0.216428,0,0,0,1.540151,17.54979,1,1.340967,31.36315,1.077104,0.5019303,0,1.007653,1,0.9430456,1003.861,0,0,0,0,v1.7.5,b42db3cbbed4e482298d0c5195f61e63e,0,0,0,0,0,0,0,0,0,0,0,1,1920,1080,0,0,0,0,0,0,0,0,0,0,0,0
489,0043,0.3954308,0.06373541,0.9085678,-0.1186462,-2.757385,1.380396,2.120804,1775453155,1775453154,13.74594942,100.53736981,3.790092,0,3.790092,1325.123,1325.492,1920,1080,960.2882,540.5493,0,1,43.02481,113,62,1.26,0.027145,-0.848205,0.101443,0,0,0,1.520573,53.16372,1,1.329564,34.83209,1.068801,0.4980612,0,1.005559,1,0.9419269,996.1224,0,0,0,0,v1.7.5,b42db3cbbed4e482298d0c5195f61e63e,0,0,0,0,0,0,0,0,0,0,0,1,1920,1080,0,0,0,0,0,0,0,0,0,0,0,0
489,0044,0.4403242,0.07150646,0.8907586,-0.0868942,-2.914642,1.407286,1.93428,1775453155,1775453154,13.74594942,100.53736981,3.790092,0,3.790092,1325.123,1325.492,1920,1080,960.2882,540.5493,0,1,49.22533,113,62,1.26,0.098393,-1.234396,-0.087108,0,0,0,1.172186,29.46155,1,1.312557,34.87234,1.028272,0.4791746,0,1.00538,1,0.9395195,958.3492,0,0,0,0,v1.7.5,b42db3cbbed4e482298d0c5195f61e63e,0,0,0,0,0,0,0,0,0,0,0,1,1920,1080,0,0,0,0,0,0,0,0,0,0,0,0
489,0045,0.4698664,0.08171002,0.8763832,-0.06709367,-3.03334,1.398187,1.706421,1775453155,1775453155,13.74593762,100.53736253,3.790092,0,3.790092,1325.123,1325.492,1920,1080,960.2882,540.5493,0,1,66.57636,113,62,1.35,-0.25071,-0.681004,-0.300059,0,0,0,1.302425,33.50172,1,1.323262,31.24322,1.021488,0.4760134,0,1.008297,1,0.9400336,952.0268,0,0,0,0,v1.7.5,b42db3cbbed4e482298d0c5195f61e63e,0,0,0,0,0,0,0,0,0,0,0,1,1920,1080,0,0,0,0,0,0,0,0,0,0,0,0
489,0046,0.5200074,0.0577224,0.8495367,-0.06743935,-3.128281,1.411271,1.462952,1775453155,1775453155,13.74593762,100.53736253,3.790092,0,3.790092,1325.123,1325.492,1920,1080,960.2882,540.5493,0,1,112.3158,113,62,1.35,0.099918,-1.150582,-0.249307,0,0,0,1.369836,38.99131,1,1.38777,34.98799,1.036754,0.4831274,0,1.009266,1,0.9412625,966.2547,0,0,0,0,v1.7.5,b42db3cbbed4e482298d0c5195f61e63e,0,0,0,0,0,0,0,0,0,0,0,1,1920,1080,0,0,0,0,0,0,0,0,0,0,0,0
489,0047,0.527353,0.05892367,0.8432867,-0.08540748,-3.220367,1.37024,1.25795,1775453155,1775453155,13.74593762,100.53736253,3.790092,0,3.790092,1325.123,1325.492,1920,1080,960.2882,540.5493,0,1,60.89334,113,62,1.35,-0.092232,-1.046638,-0.187148,0,0,0,1.479261,20.24731,1,1.393651,32.43119,1.063848,0.4957532,0,1.009486,1,0.9429001,991.5065,0,0,0,0,v1.7.5,b42db3cbbed4e482298d0c5195f61e63e,0,0,0,0,0,0,0,0,0,0,0,1,1920,1080,0,0,0,0,0,0,0,0,0,0,0,0
489,0048,0.5708278,0.08543619,0.8117999,-0.0885282,-3.301804,1.390185,1.022537,1775453156,1775453155,13.74593762,100.53736253,3.790092,0,3.790092,1325.123,1325.492,1920,1080,960.2882,540.5493,0,1,53.03791,113,62,1.35,-0.080642,-0.890844,-0.191052,0,0,0,1.239882,38.64241,1,1.373183,34.40495,1.119066,0.5214846,0,1.010877,1,0.9463074,1042.969,0,0,0,0,v1.7.5,b42db3cbbed4e482298d0c5195f61e63e,0,0,0,0,0,0,0,0,0,0,0,1,1920,1080,0,0,0,0,0,0,0,0,0,0,0,0
489,0049,0.6149098,0.08374192,0.7791291,-0.08849343,-3.326874,1.381292,0.8133392,1775453156,1775453155,13.74593762,100.53736253,3.790092,0,3.790092,1325.123,1325.492,1920,1080,960.2882,540.5493,0,1,85.13218,113,62,1.35,-0.207034,-1.236165,-0.412299,0,0,0,1.317105,24.49992,1,1.36492,33.51824,1.138548,0.5305635,0,1.011844,1,0.9475898,1061.127,0,0,0,0,v1.7.5,b42db3cbbed4e482298d0c5195f61e63e,0,0,0,0,0,0,0,0,0,0,0,1,1920,1080,0,0,0,0,0,0,0,0,0,0,0,0
489,0050,0.6387585,0.09211203,0.7606032,-0.07061037,-3.341583,1.382449,0.5991821,1775453156,1775453155,13.74593762,100.53736253,3.790092,0,3.790092,1325.123,1325.492,1920,1080,960.2882,540.5493,0,1,352.2256,113,62,1.35,-0.254736,-0.643367,-0.056425,0,0,0,1.257735,47.38349,1,1.513084,38.6828,1.120399,0.5221062,0,1.011259,1,0.9464967,1044.212,0,0,0,0,v1.7.5,b42db3cbbed4e482298d0c5195f61e63e,0,0,0,0,0,0,0,0,0,0,0,1,1920,1080,0,0,0,0,0,0,0,0,0,0,0,0
489,0051,0.6585075,0.06719063,0.7472081,-0.05944334,-3.33783,1.403692,0.339325,1775453156,1775453156,13.74592336,100.53735949,3.790092,0,3.790092,1325.123,1325.492,1920,1080,960.2882,540.5493,0,1,86.783,113,63,1.32,0.025193,-1.2078,-0.257115,0,0,0,1.438499,19.56982,1,1.49626,36.8967,1.107942,0.5163012,0,1.011104,1,0.9458063,1032.602,0,0,0,0,v1.7.5,b42db3cbbed4e482298d0c5195f61e63e,0,0,0,0,0,0,0,0,0,0,0,1,1920,1080,0,0,0,0,0,0,0,0,0,0,0,0
489,0052,0.6654535,0.09649437,0.7368277,-0.07032555,-3.328796,1.368618,0.07015991,1775453156,1775453156,13.74592336,100.53735949,3.790092,0,3.790092,1325.123,1325.492,1920,1080,960.2882,540.5493,0,1,74.63859,113,63,1.32,0.11529,-0.92964,-0.033977,0,0,0,1.330239,20.26343,1,1.453871,34.14338,1.134653,0.5287482,0,1.011273,1,0.9472134,1057.496,0,0,0,0,v1.7.5,b42db3cbbed4e482298d0c5195f61e63e,0,0,0,0,0,0,0,0,0,0,0,1,1920,1080,0,0,0,0,0,0,0,0,0,0,0,0
489,0053,0.7067323,0.09233168,0.6984969,-0.06408159,-3.300232,1.396876,-0.1842651,1775453156,1775453156,13.74592336,100.53735949,3.790092,0,3.790092,1325.123,1325.492,1920,1080,960.2882,540.5493,0,1,85.21171,113,63,1.32,0.098576,-1.154364,-0.200629,0,0,0,1.128404,46.38435,1,1.510691,38.31886,1.150439,0.5361046,0,1.012142,1,0.948263,1072.209,0,0,0,0,v1.7.5,b42db3cbbed4e482298d0c5195f61e63e,0,0,0,0,0,0,0,0,0,0,0,1,1920,1080,0,0,0,0,0,0,0,0,0,0,0,0
489,0054,0.7443268,0.09527892,0.6572741,-0.0699304,-3.219986,1.376436,-0.4321747,1775453157,1775453156,13.74592336,100.53735949,3.790092,0,3.790092,1325.123,1325.492,1920,1080,960.2882,540.5493,0,1,29.09933,113,63,1.32,-0.022753,-0.942206,-0.148657,0,0,0,1.355971,23.35509,1,1.548568,39.35578,1.160137,0.5406239,0,1.014728,1,0.9495503,1081.248,0,0,0,0,v1.7.5,b42db3cbbed4e482298d0c5195f61e63e,0,0,0,0,0,0,0,0,0,0,0,1,1920,1080,0,0,0,0,0,0,0,0,0,0,0,0
489,0055,0.7760029,0.08724679,0.6232715,-0.04171749,-3.135254,1.41527,-0.6696014,1775453157,1775453156,13.74592336,100.53735949,3.790092,0,3.790092,1325.123,1325.492,1920,1080,960.2882,540.5493,0,1,27.60111,113,63,1.32,-0.163175,-0.819901,-0.243329,0,0,0,1.357276,27.69209,1,1.415192,36.65368,1.158238,0.5397388,0,1.015734,1,0.9497833,1079.478,0,0,0,0,v1.7.5,b42db3cbbed4e482298d0c5195f61e63e,0,0,0,0,0,0,0,0,0,0,0,1,1920,1080,0,0,0,0,0,0,0,0,0,0,0,0
489,0056,0.7818887,0.09062229,0.6139613,-0.05907033,-3.040512,1.38368,-0.9296875,1775453157,1775453157,13.74590931,100.5373622,3.790092,0,3.790092,1325.123,1325.492,1920,1080,960.2882,540.5493,0,1,110.066,113,61,1.34,0.119072,-1.285758,-0.078385,0,0,0,1.448984,24.12384,1,1.443815,34.05383,1.167423,0.5440192,0,1.01738,1,0.9507428,1088.038,0,0,0,0,v1.7.5,b42db3cbbed4e482298d0c5195f61e63e,0,0,0,0,0,0,0,0,0,0,0,1,1920,1080,0,0,0,0,0,0,0,0,0,0,0,0
489,0057,-0.794547,-0.1164061,-0.5942897,0.044323,-2.974823,1.381364,-1.136826,1775453157,1775453157,13.74590931,100.5373622,3.790092,0,3.790092,1325.123,1325.492,1920,1080,960.2882,540.5493,0,1,61.40414,113,61,1.34,0.010736,-0.737429,-0.120597,0,0,0,1.207077,37.95977,1,1.429765,35.7991,1.188384,0.5537871,0,1.021459,1,0.9530117,1107.574,0,0,0,0,v1.7.5,b42db3cbbed4e482298d0c5195f61e63e,0,0,0,0,0,0,0,0,0,0,0,1,1920,1080,0,0,0,0,0,0,0,0,0,0,0,0
489,0058,-0.8228121,-0.1078772,-0.5554792,0.05278018,-2.86792,1.401518,-1.323395,1775453157,1775453157,13.74590931,100.5373622,3.790092,0,3.790092,1325.123,1325.492,1920,1080,960.2882,540.5493,0,1,42.01517,113,61,1.34,0.026047,-1.196637,-0.208681,0,0,0,1.106928,44.66868,1,1.369479,34.81253,1.233804,0.5749528,0,1.031288,1,0.958141,1149.906,0,0,0,0,v1.7.5,b42db3cbbed4e482298d0c5195f61e63e,0,0,0,0,0,0,0,0,0,0,0,1,1920,1080,0,0,0,0,0,0,0,0,0,0,0,0
489,0059,-0.8555096,-0.1178768,-0.5026362,0.03956348,-2.601181,1.412061,-1.668365,1775453158,1775453157,13.74590931,100.5373622,3.790092,0,3.790092,1325.123,1325.492,1920,1080,960.2882,540.5493,0,1,20.48919,113,61,1.34,-0.067344,-0.735477,-0.179035,0,0,0,6.52766,72.34284,1,1.541162,34.24205,1.182351,0.5509755,0,1.038873,1,0.9582946,1101.951,0,0,0,0,v1.7.5,b42db3cbbed4e482298d0c5195f61e63e,0,0,0,0,0,0,0,0,0,0,0,1,1920,1080,0,0,0,0,0,0,0,0,0,0,0,0
489,0060,-0.8645379,-0.08945333,-0.4936872,0.02907605,-2.475327,1.405377,-1.853897,1775453158,1775453157,13.74590931,100.5373622,3.790092,0,3.790092,1325.123,1325.492,1920,1080,960.2882,540.5493,0,1,78.66691,113,61,1.34,0.054046,-1.266909,-0.066978,0,0,0,1.909319,25.02413,1,1.554243,31.43899,1.155887,0.5386435,0,1.036321,1,0.9562333,1077.287,0,0,0,0,v1.7.5,b42db3cbbed4e482298d0c5195f61e63e,0,0,0,0,0,0,0,0,0,0,0,1,1920,1080,0,0,0,0,0,0,0,0,0,0,0,0
489,0061,-0.8799471,-0.0902722,-0.4663808,0.005749252,-2.35289,1.381182,-2.03418,1775453158,1775453158,13.74589748,100.53737066,3.790092,0,3.790092,1325.123,1325.492,1920,1080,960.2882,540.5493,0,1,69.96664,113,60,1.35,0.061,-0.801296,-0.032757,0,0,0,1.307602,49.645,1,1.528856,34.63758,1.171399,0.5458717,0,1.045464,1,0.9598899,1091.743,0,0,0,0,v1.7.5,b42db3cbbed4e482298d0c5195f61e63e,0,0,0,0,0,0,0,0,0,0,0,1,1920,1080,0,0,0,0,0,0,0,0,0,0,0,0
489,0062,-0.8927609,-0.0962528,-0.4392038,0.0285235,-2.206665,1.392371,-2.197418,1775453158,1775453158,13.74589748,100.53737066,3.790092,0,3.790092,1325.123,1325.492,1920,1080,960.2882,540.5493,0,1,313.1154,113,60,1.35,-0.145302,-1.003389,-0.035441,0,0,0,1.25708,34.30452,1,1.523147,35.2408,1.189743,0.5544204,0,1.048312,1,0.9616485,1108.841,0,0,0,0,v1.7.5,b42db3cbbed4e482298d0c5195f61e63e,0,0,0,0,0,0,0,0,0,0,0,1,1920,1080,0,0,0,0,0,0,0,0,0,0,0,0
489,0063,-0.9148762,-0.09554777,-0.3894201,0.04716134,-2.040512,1.361969,-2.333313,1775453158,1775453158,13.74589748,100.53737066,3.790092,0,3.790092,1325.123,1325.492,1920,1080,960.2882,540.5493,0,1,340.8414,113,60,1.35,-0.26657,-1.128744,-0.112057,0,0,0,1.428999,35.0314,1,1.52042,36.17437,1.213564,0.5655208,0,1.047464,1,0.9624431,1131.042,0,0,0,0,v1.7.5,b42db3cbbed4e482298d0c5195f61e63e,0,0,0,0,0,0,0,0,0,0,0,1,1920,1080,0,0,0,0,0,0,0,0,0,0,0,0
489,0064,-0.9251904,-0.1011573,-0.3649508,0.02451475,-1.858932,1.370508,-2.446014,1775453159,1775453158,13.74589748,100.53737066,3.790092,0,3.790092,1325.123,1325.492,1920,1080,960.2882,540.5493,0,1,335.0378,113,60,1.35,-0.087352,-0.66795,-0.07692099,0,0,0,1.246981,31.60526,1,1.498311,34.26521,1.220302,0.5686609,0,1.047203,1,0.9626531,1137.322,0,0,0,0,v1.7.5,b42db3cbbed4e482298d0c5195f61e63e,0,0,0,0,0,0,0,0,0,0,0,1,1920,1080,0,0,0,0,0,0,0,0,0,0,0,0
489,0065,-0.939871,-0.09199451,-0.3274687,0.03072124,-1.664108,1.384945,-2.565353,1775453159,1775453158,13.74589748,100.53737066,3.790092,0,3.790092,1325.123,1325.492,1920,1080,960.2882,540.5493,0,1,73.38827,113,60,1.35,0.251625,-1.210606,-0.170251,0,0,0,1.338037,11.31199,1,1.513362,34.24306,1.222279,0.5695819,0,1.047126,1,0.9627144,1139.164,0,0,0,0,v1.7.5,b42db3cbbed4e482298d0c5195f61e63e,0,0,0,0,0,0,0,0,0,0,0,1,1920,1080,0,0,0,0,0,0,0,0,0,0,0,0
489,0066,-0.9419651,-0.1172483,-0.313936,0.01996991,-1.420227,1.352147,-2.704391,1775453159,1775453158,13.74589748,100.53737066,3.790092,0,3.790092,1325.123,1325.492,1920,1080,960.2882,540.5493,0,1,99.65412,113,60,1.35,0.131882,-0.970998,-0.010553,0,0,0,1.283012,31.97349,1,1.355987,33.23441,1.250385,0.5826793,0,1.046055,1,0.9635611,1165.359,0,0,0,0,v1.7.5,b42db3cbbed4e482298d0c5195f61e63e,0,0,0,0,0,0,0,0,0,0,0,1,1920,1080,0,0,0,0,0,0,0,0,0,0,0,0
489,0067,-0.9582405,-0.125312,-0.2570387,0.001833297,-1.217361,1.37254,-2.789047,1775453159,1775453159,13.74588926,100.53738293,3.790092,0,3.790092,1325.123,1325.492,1920,1080,960.2882,540.5493,0,1,342.5397,113,62,1.36,-0.084424,-0.9653249,-0.164517,0,0,0,1.494402,64.44038,1,1.360801,35.61252,1.261073,0.5876598,0,1.045661,1,0.9638728,1175.32,0,0,0,0,v1.7.5,b42db3cbbed4e482298d0c5195f61e63e,0,0,0,0,0,0,0,0,0,0,0,1,1920,1080,0,0,0,0,0,0,0,0,0,0,0,0
489,0068,-0.9739059,-0.1223944,-0.1910998,-0.002795525,-1.002335,1.362539,-2.826935,1775453159,1775453159,13.74588926,100.53738293,3.790092,0,3.790092,1325.123,1325.492,1920,1080,960.2882,540.5493,0,1,304.8654,113,62,1.36,-0.08686399,-1.276181,0.042151,0,0,0,1.36327,36.66613,1,1.359754,38.76435,1.261129,0.5876863,0,1.045659,1,0.9638748,1175.373,0,0,0,0,v1.7.5,b42db3cbbed4e482298d0c5195f61e63e,0,0,0,0,0,0,0,0,0,0,0,1,1920,1080,0,0,0,0,0,0,0,0,0,0,0,0
489,0069,-0.9825069,-0.1032572,-0.1524037,-0.0281312,-0.7842255,1.371738,-2.852448,1775453159,1775453159,13.74588926,100.53738293,3.790092,0,3.790092,1325.123,1325.492,1920,1080,960.2882,540.5493,0,1,298.9548,113,62,1.36,-0.26352,-0.595421,-0.127978,0,0,0,1.228032,50.82512,1,1.364468,38.10767,1.252482,0.5836567,0,1.045979,1,0.9636217,1167.313,0,0,0,0,v1.7.5,b42db3cbbed4e482298d0c5195f61e63e,0,0,0,0,0,0,0,0,0,0,0,1,1920,1080,0,0,0,0,0,0,0,0,0,0,0,0
489,0070,-0.9903581,-0.1004577,-0.09452671,-0.01280062,-0.5077515,1.376431,-2.869202,1775453160,1775453159,13.74588926,100.53738293,3.790092,0,3.790092,1325.123,1325.492,1920,1080,960.2882,540.5493,0,1,0.1553956,113,62,1.36,0.050386,-1.27612,-0.221003,0,0,0,1.415953,18.36648,1,1.391725,39.81654,1.247309,0.5812461,0,1.045519,1,0.9632619,1162.492,0,0,0,0,v1.7.5,b42db3cbbed4e482298d0c5195f61e63e,0,0,0,0,0,0,0,0,0,0,0,1,1920,1080,0,0,0,0,0,0,0,0,0,0,0,0
489,0071,-0.99169,-0.09118661,-0.08729449,-0.02481466,-0.2776184,1.346112,-2.886673,1775453160,1775453159,13.74588926,100.53738293,3.790092,0,3.790092,1325.123,1325.492,1920,1080,960.2882,540.5493,0,1,345.3972,113,62,1.36,-0.013054,-0.991311,-0.123769,0,0,0,1.296922,40.60812,1,1.401931,39.203,1.24579,0.5805382,0,1.032902,1,0.9591597,1161.076,0,0,0,0,v1.7.5,b42db3cbbed4e482298d0c5195f61e63e,0,0,0,0,0,0,0,0,0,0,0,1,1920,1080,0,0,0,0,0,0,0,0,0,0,0,0
489,0072,-0.9915798,-0.1082799,-0.06835288,-0.01931164,-0.06254578,1.359608,-2.877274,1775453160,1775453159,13.74588926,100.53738293,3.790092,0,3.790092,1325.123,1325.492,1920,1080,960.2882,540.5493,0,1,294.1538,113,62,1.36,-0.083082,-0.983015,-0.143777,0,0,0,1.422077,37.00529,1,1.366593,41.02757,1.254419,0.5845591,0,1.028299,1,0.9580407,1169.118,0,0,0,0,v1.7.5,b42db3cbbed4e482298d0c5195f61e63e,0,0,0,0,0,0,0,0,0,0,0,1,1920,1080,0,0,0,0,0,0,0,0,0,0,0,0
489,0073,-0.9921783,-0.1212743,-0.02928469,-0.004152048,0.1538239,1.340718,-2.82785,1775453160,1775453160,13.74588612,100.53739658,3.790092,0,3.790092,1325.123,1325.492,1920,1080,960.2882,540.5493,0,1,332.9959,111,61,1.34,-0.203496,-1.220244,-0.257725,0,0,0,1.446992,31.18146,1,1.373062,39.1749,1.259477,0.5869163,0,1.026105,1,0.9575434,1173.833,0,0,0,0,v1.7.5,b42db3cbbed4e482298d0c5195f61e63e,0,0,0,0,0,0,0,0,0,0,0,1,1920,1080,0,0,0,0,0,0,0,0,0,0,0,0
489,0074,-0.9948395,-0.09751855,-0.001505196,-0.02796904,0.3620453,1.350273,-2.767883,1775453160,1775453160,13.74588612,100.53739658,3.790092,0,3.790092,1325.123,1325.492,1920,1080,960.2882,540.5493,0,1,285.511,111,61,1.34,-0.112057,-0.683688,-0.084058,0,0,0,1.330563,43.39183,1,1.37449,37.3988,1.265649,0.5897925,0,1.005596,1,0.9683581,1179.585,0,0,0,0,v1.7.5,b42db3cbbed4e482298d0c5195f61e63e,0,0,0,0,0,0,0,0,0,0,0,1,1920,1080,0,0,0,0,0,0,0,0,0,0,0,0
489,0075,-0.9944091,-0.09690638,0.03046083,-0.02884165,0.5573578,1.372233,-2.695313,1775453160,1775453160,13.74588612,100.53739658,3.790092,0,3.790092,1325.123,1325.492,1920,1080,960.2882,540.5493,0,1,6.471023,111,61,1.34,0.115656,-0.9602619,-0.204411,0,0,0,1.055616,12.8574,1,1.361807,34.78666,1.276267,0.5947405,0,0.9999641,1,0.9717385,1189.481,0,0,0,0,v1.7.5,b42db3cbbed4e482298d0c5195f61e63e,0,0,0,0,0,0,0,0,0,0,0,1,1920,1080,0,0,0,0,0,0,0,0,0,0,0,0
489,0076,-0.9925491,-0.1045962,0.04785439,-0.04019836,0.7772522,1.340188,-2.644638,1775453161,1775453160,13.74588612,100.53739658,3.790092,0,3.790092,1325.123,1325.492,1920,1080,960.2882,540.5493,0,1,280.9795,111,61,1.34,-0.092354,-1.20475,-0.142435,0,0,0,1.277714,32.50249,1,1.348232,31.23377,1.273333,0.593373,0,1.000165,1,0.9680699,1186.746,0,0,0,0,v1.7.5,b42db3cbbed4e482298d0c5195f61e63e,0,0,0,0,0,0,0,0,0,0,0,1,1920,1080,0,0,0,0,0,0,0,0,0,0,0,0
489,0077,-0.9891589,-0.1061164,0.08580166,-0.05424177,0.9883728,1.348867,-2.598007,1775453161,1775453160,13.74588612,100.53739658,3.790092,0,3.790092,1325.123,1325.492,1920,1080,960.2882,540.5493,0,1,256.119,111,61,1.34,0.030561,-0.779336,0.009211,0,0,0,1.273249,31.56136,1,1.329932,32.94632,1.287656,0.6000479,0,0.9910563,1,0.9730471,1200.096,0,0,0,0,v1.7.5,b42db3cbbed4e482298d0c5195f61e63e,0,0,0,0,0,0,0,0,0,0,0,1,1920,1080,0,0,0,0,0,0,0,0,0,0,0,0
489,0078,-0.978954,-0.1097615,0.1673923,-0.03976777,1.187225,1.355429,-2.518097,1775453161,1775453160,13.74588612,100.53739658,3.790092,0,3.790092,1325.123,1325.492,1920,1080,960.2882,540.5493,0,1,316.3061,111,61,1.34,-0.022814,-1.179496,-0.313418,0,0,0,1.368453,66.79514,1,1.336581,35.68917,1.295302,0.6036108,0,0.9864259,1,0.9821301,1207.222,0,0,0,0,v1.7.5,b42db3cbbed4e482298d0c5195f61e63e,0,0,0,0,0,0,0,0,0,0,0,1,1920,1080,0,0,0,0,0,0,0,0,0,0,0,0
489,0079,-0.970266,-0.08570854,0.2136286,-0.07483843,1.413284,1.347046,-2.403732,1775453161,1775453161,13.74588954,100.53741023,3.790092,0,3.790092,1325.123,1325.492,1920,1080,960.2882,540.5493,0,1,301.0957,108,60,1.35,-0.046726,-0.81862,-0.194468,0,0,0,1.28749,80.82982,1,1.315659,37.59333,1.285411,0.5990015,0,0.9722557,1,1.008999,1198.003,0,0,0,0,v1.7.5,b42db3cbbed4e482298d0c5195f61e63e,0,0,0,0,0,0,0,0,0,0,0,1,1920,1080,0,0,0,0,0,0,0,0,0,0,0,0
489,0080,-0.9595939,-0.08623634,0.2577987,-0.07268231,1.584152,1.37549,-2.290359,1775453161,1775453161,13.74588954,100.53741023,3.790092,0,3.790092,1325.123,1325.492,1920,1080,960.2882,540.5493,0,1,275.3293,108,60,1.35,0.010248,-0.886452,0.013054,0,0,0,1.250454,22.00936,1,1.306213,38.11373,1.28295,0.5978546,0,0.9730285,1,1.009862,1195.709,0,0,0,0,v1.7.5,b42db3cbbed4e482298d0c5195f61e63e,0,0,0,0,0,0,0,0,0,0,0,1,1920,1080,0,0,0,0,0,0,0,0,0,0,0,0
489,0081,-0.9586976,-0.07057717,0.2666208,-0.06950787,1.769363,1.36256,-2.187897,1775453161,1775453161,13.74588954,100.53741023,3.790092,0,3.790092,1325.123,1325.492,1920,1080,960.2882,540.5493,0,1,280.1592,108,60,1.35,-0.067649,-1.230736,-0.10858,0,0,0,1.223064,14.75378,1,1.308184,37.23524,1.277287,0.5952159,0,0.978089,1,1.004616,1190.432,0,0,0,0,v1.7.5,b42db3cbbed4e482298d0c5195f61e63e,0,0,0,0,0,0,0,0,0,0,0,1,1920,1080,0,0,0,0,0,0,0,0,0,0,0,0
489,0082,-0.9463869,-0.08188971,0.3023771,-0.07882944,1.946854,1.350458,-2.077179,1775453162,1775453161,13.74588954,100.53741023,3.790092,0,3.790092,1325.123,1325.492,1920,1080,960.2882,540.5493,0,1,259.3226,108,60,1.35,-0.14091,-0.795135,-0.141764,0,0,0,1.191137,52.06728,1,1.300158,38.50248,1.256871,0.585702,0,0.9725218,1,1.017449,1171.404,0,0,0,0,v1.7.5,b42db3cbbed4e482298d0c5195f61e63e,0,0,0,0,0,0,0,0,0,0,0,1,1920,1080,0,0,0,0,0,0,0,0,0,0,0,0
